,id,closeness
0,A,0.05555555555555555
1,B,0.058823529411764705
2,C,0.07142857142857142
3,D,0.06666666666666667
4,E,0.058823529411764705
5,F,0.07142857142857142
6,G,0.05555555555555555
7,H,0.06666666666666667
8,I,0.047619047619047616
9,J,0.034482758620689655
